<?xml version="1.0" encoding="UTF-8"?>
<project-private xmlns="http://www.netbeans.org/ns/project-private/1">
    <editor-bookmarks xmlns="http://www.netbeans.org/ns/editor-bookmarks/2" lastBookmarkId="0"/>
    <open-files xmlns="http://www.netbeans.org/ns/projectui-open-files/2">
        <group>
            <file>file:/home/iesjdc/NetBeansProjects/JavaDao/src/PersonajeDao/PersonajesInterface.java</file>
            <file>file:/home/iesjdc/NetBeansProjects/JavaDao/src/PersonajeDao/AppPersonajes.java</file>
            <file>file:/home/iesjdc/NetBeansProjects/JavaDao/src/PersonajeDao/FactoriaPersonajes.java</file>
            <file>file:/home/iesjdc/NetBeansProjects/JavaDao/src/ArmaDao/ArmasBD.java</file>
            <file>file:/home/iesjdc/NetBeansProjects/JavaDao/src/ArmaDao/ArmasInterface.java</file>
            <file>file:/home/iesjdc/NetBeansProjects/JavaDao/src/ArmaDao/FactoriaArmas.java</file>
            <file>file:/home/iesjdc/NetBeansProjects/JavaDao/src/ArmaDao/AppArmas.java</file>
            <file>file:/home/iesjdc/NetBeansProjects/JavaDao/src/PersonajeDao/PersonajesBD.java</file>
        </group>
    </open-files>
</project-private>
